Gene,Chr,Start,End,Ref,Alt,Functionality
ABCB4,chr7,87053223,87053223,C,T,D
ABCB4,chr7,87074206,87074206,C,T,N
ABCB4,chr7,87032528,87032528,G,A,N
ABCB4,chr7,87074228,87074228,T,C,N
ABCB4,chr7,87053289,87053289,C,T,N
ABCB4,chr7,87069651,87069651,T,C,N
ABCB4,chr7,87076498,87076498,C,T,N
ABCC11,chr16,48258198,48258198,G,A,D
ABCC11,chr16,48242379,48242379,C,T,D
ABCC11,chr16,48265777,48265777,G,A,N
ABCC11,chr16,48250026,48250026,C,A,N
ABCC11,chr16,48234327,48234327,G,A,N
ABCC11,chr16,48201432,48201432,A,G,N
ABCC2,chr10,101601841,101601841,T,G,D
ABCC2,chr10,101595954,101595954,G,A,N
ABCC2,chr10,101560169,101560169,G,A,N
ABCC2,chr10,101559094,101559094,A,G,N
ABCC2,chr10,101564023,101564023,C,T,N
ABCC2,chr10,101604107,101604107,C,T,N
ABCC2,chr10,101590486,101590486,G,A,N
ABCC2,chr10,101595996,101595996,T,A,N
ABCC2,chr10,101595975,101595975,G,T,N
ABCC2,chr10,101591737,101591737,T,C,N
ABCC2,chr10,101572816,101572816,T,C,N
CES1,chr16,55857573,55857573,G,A,D
CES1,chr16,55857487,55857487,C,T,D
CES1,chr16,55857559,55857559,G,T,D
CES1,chr16,55855311,55855311,A,G,D
CES1,chr16,55857492,55857492,A,C,D
CES1,chr16,55857480,55857480,G,A,N
CES1,chr16,55853481,55853481,C,T,N
CES1,chr16,55855374,55855374,G,A,N
CES1,chr16,55857525,55857525,C,T,N
CES1,chr16,55853545,55853545,G,T,N
CES1,chr16,55862712,55862712,G,A,N
CYP11B1,chr8,143960562,143960562,C,T,D
CYP11B1,chr8,143957146,143957146,C,A,D
CYP17A1,chr10,104594724,104594724,C,T,N
CYP1A2,chr15,75042204,75042204,C,G,D
CYP1A2,chr15,75044552,75044552,G,A,D
CYP1A2,chr15,75047169,75047169,C,T,D
CYP1A2,chr15,75047245,75047245,G,A,D
CYP1A2,chr15,75044578,75044578,A,T,D
CYP1A2,chr15,75042637,75042637,C,A,D
CYP1A2,chr15,75042327,75042327,C,T,N
CYP1A2,chr15,75042713,75042713,A,T,N
CYP1A2,chr15,75044195,75044195,G,A,N
CYP1A2,chr15,75043593,75043593,G,A,N
CYP1A2,chr15,75042581,75042581,G,C,N
CYP1A2,chr15,75042142,75042142,C,G,N
CYP1A2,chr15,75045575,75045575,G,A,N
CYP1A2,chr15,75045542,75045542,C,T,N
CYP1A2,chr15,75047407,75047407,G,A,N
CYP1A2,chr15,75047184,75047184,G,A,N
CYP1A2,chr15,75047191,75047191,C,T,N
CYP1B1,chr2,38301547,38301547,G,A,D
CYP1B1,chr2,38302350,38302350,G,A,D
CYP1B1,chr2,38298338,38298338,G,A,D
CYP1B1,chr2,38302290,38302290,T,A,D
CYP1B1,chr2,38301660,38301660,A,G,D
CYP1B1,chr2,38302101,38302101,A,G,D
CYP1B1,chr2,38297908,38297908,A,G,D
CYP1B1,chr2,38298163,38298163,T,G,N
CYP1B1,chr2,38298272,38298272,G,T,N
CYP21A2,chr6,32007917,32007917,G,C,D
CYP21A2,chr6,32007203,32007203,T,A,D
CYP21A2,chr6,32008774,32008774,A,C,D
CYP21A2,chr6,32007950,32007950,T,C,D
CYP21A2,chr6,32007917,32007917,G,T,D
CYP21A2,chr6,32006901,32006901,T,G,D
CYP21A2,chr6,32006291,32006291,C,A,D
CYP21A2,chr6,32007200,32007200,T,A,D
CYP21A2,chr6,32008312,32008312,C,T,D
CYP21A2,chr6,32006393,32006393,G,A,D
CYP21A2,chr6,32008763,32008763,T,C,D
CYP21A2,chr6,32007917,32007917,G,A,D
CYP21A2,chr6,32008703,32008703,G,A,D
CYP21A2,chr6,32008268,32008268,G,C,D
CYP21A2,chr6,32008492,32008492,T,G,D
CYP21A2,chr6,32008648,32008648,C,T,D
CYP21A2,chr6,32007930,32007930,C,A,D
CYP21A2,chr6,32007887,32007887,G,T,D
CYP21A2,chr6,32006291,32006291,C,T,D
CYP21A2,chr6,32008783,32008783,C,T,N
CYP21A2,chr6,32008775,32008775,C,T,N
CYP21A2,chr6,32007380,32007380,A,G,N
CYP21A2,chr6,32007846,32007846,C,T,N
CYP21A2,chr6,32006245,32006245,G,A,N
CYP21A2,chr6,32006236,32006236,C,A,N
CYP21A2,chr6,32007163,32007163,G,A,N
CYP24A1,chr20,52779282,52779282,G,A,D
CYP24A1,chr20,52774635,52774635,C,T,D
CYP24A1,chr20,52788183,52788183,G,A,D
CYP2A13,chr19,41594955,41594955,G,A,D
CYP2A13,chr19,41601719,41601719,T,A,D
CYP2A13,chr19,41601841,41601841,C,T,D
CYP2A13,chr19,41599670,41599670,G,T,D
CYP2A6,chr19,41349750,41349750,G,T,D
CYP2A6,chr19,41351926,41351926,C,T,D
CYP2A6,chr19,41352808,41352808,T,C,D
CYP2A6,chr19,41352817,41352817,G,A,D
CYP2A6,chr19,41349774,41349774,T,C,D
CYP2A6,chr19,41349801,41349801,T,C,D
CYP2A6,chr19,41349732,41349732,G,T,D
CYP2A6,chr19,41352941,41352941,T,C,D
CYP2A6,chr19,41355864,41355864,G,A,D
CYP2A6,chr19,41351309,41351309,A,G,D
CYP2A6,chr19,41351267,41351267,G,A,D
CYP2A6,chr19,41356319,41356319,G,A,N
CYP2A6,chr19,41354171,41354171,C,T,N
CYP2A6,chr19,41354171,41354171,C,A,N
CYP2A6,chr19,41349759,41349759,A,G,N
CYP2A6,chr19,41356316,41356316,A,C,N
CYP2A6,chr19,41356246,41356246,G,A,N
CYP2A6,chr19,41354198,41354198,A,G,N
CYP2B6,chr19,41510286,41510286,G,A,D
CYP2B6,chr19,41512918,41512918,T,C,D
CYP2B6,chr19,41512841,41512841,G,T,N
CYP2B6,chr19,41497295,41497295,C,A,N
CYP2B6,chr19,41522710,41522710,A,T,N
CYP2B6,chr19,41497274,41497274,C,T,N
CYP2B6,chr19,41522631,41522631,A,G,N
CYP2B6,chr19,41515263,41515263,A,G,N
CYP2C19,chr10,96612522,96612522,C,T,D
CYP2C19,chr10,96540331,96540331,G,C,D
CYP2C19,chr10,96602636,96602636,G,A,D
CYP2C19,chr10,96612495,96612495,C,T,D
CYP2C19,chr10,96535210,96535210,G,A,D
CYP2C19,chr10,96535173,96535173,T,C,D
CYP2C19,chr10,96535186,96535186,G,A,D
CYP2C19,chr10,96541716,96541716,C,T,D
CYP2C19,chr10,96535188,96535188,C,G,D
CYP2C19,chr10,96602773,96602773,A,T,D
CYP2C19,chr10,96602612,96602612,T,C,D
CYP2C19,chr10,96602653,96602653,G,A,D
CYP2C19,chr10,96580341,96580341,G,A,D
CYP2C19,chr10,96535222,96535222,T,A,D
CYP2C19,chr10,96541615,96541615,C,T,D
CYP2C19,chr10,96609710,96609710,C,G,D
CYP2C19,chr10,96602711,96602711,A,T,D
CYP2C19,chr10,96612542,96612542,C,G,D
CYP2C19,chr10,96535204,96535204,C,T,D
CYP2C19,chr10,96609785,96609785,A,C,D
CYP2C19,chr10,96534863,96534863,C,T,D
CYP2C19,chr10,96534878,96534878,C,T,N
CYP2C19,chr10,96522512,96522512,T,C,N
CYP2C19,chr10,96609732,96609732,A,T,N
CYP2C19,chr10,96522545,96522545,A,T,N
CYP2C19,chr10,96540336,96540336,G,A,N
CYP2C19,chr10,96534942,96534942,A,G,N
CYP2C19,chr10,96522517,96522517,A,C,N
CYP2C19,chr10,96541748,96541748,G,A,N
CYP2C19,chr10,96580264,96580264,C,A,N
CYP2C19,chr10,96541627,96541627,A,C,N
CYP2C19,chr10,96535264,96535264,G,A,N
CYP2C19,chr10,96609813,96609813,C,T,N
CYP2C19,chr10,96522508,96522508,C,T,N
CYP2C19,chr10,96602618,96602618,G,A,N
CYP2C19,chr10,96609752,96609752,C,T,N
CYP2C19,chr10,96522470,96522470,C,A,N
CYP2C19,chr10,96534917,96534917,G,C,N
CYP2C8,chr10,96805708,96805708,G,T,D
CYP2C8,chr10,96824582,96824582,G,A,D
CYP2C8,chr10,96827030,96827030,G,A,N
CYP2C8,chr10,96818171,96818171,A,G,N
CYP2C8,chr10,96824585,96824585,T,C,N
CYP2C9,chr10,96702030,96702030,A,T,D
CYP2C9,chr10,96701990,96701990,C,T,D
CYP2C9,chr10,96731943,96731943,C,A,D
CYP2C9,chr10,96740981,96740981,C,T,D
CYP2C9,chr10,96701715,96701715,T,C,D
CYP2C9,chr10,96701991,96701991,G,A,D
CYP2C9,chr10,96731936,96731936,A,G,D
CYP2C9,chr10,96701654,96701654,G,C,D
CYP2C9,chr10,96698528,96698528,C,T,D
CYP2C9,chr10,96698560,96698560,A,G,D
CYP2C9,chr10,96741038,96741038,G,A,D
CYP2C9,chr10,96702006,96702006,C,G,D
CYP2C9,chr10,96707695,96707695,A,T,D
CYP2C9,chr10,96741053,96741053,A,C,D
CYP2C9,chr10,96740958,96740958,T,C,D
CYP2C9,chr10,96702012,96702012,G,A,D
CYP2C9,chr10,96702047,96702047,C,T,D
CYP2C9,chr10,96741054,96741054,T,C,D
CYP2C9,chr10,96741058,96741058,C,G,D
CYP2C9,chr10,96740982,96740982,G,A,D
CYP2C9,chr10,96709037,96709037,A,G,D
CYP2C9,chr10,96748777,96748777,C,T,D
CYP2C9,chr10,96741122,96741122,C,T,D
CYP2C9,chr10,96702047,96702047,C,T,D
CYP2C9,chr10,96702066,96702066,G,A,D
CYP2C9,chr10,96740973,96740973,G,A,D
CYP2C9,chr10,96748674,96748674,G,C,D
CYP2C9,chr10,96701672,96701672,G,A,D
CYP2C9,chr10,96745889,96745889,G,A,D
CYP2C9,chr10,96731876,96731876,C,A,N
CYP2C9,chr10,96702066,96702066,G,T,N
CYP2C9,chr10,96708974,96708974,A,G,N
CYP2C9,chr10,96748780,96748780,G,T,N
CYP2D6,chr22,42522751,42522751,G,A,D
CYP2D6,chr22,42526763,42526763,G,A,D
CYP2D6,chr22,42526694,42526694,C,T,D
CYP2D6,chr22,42523621,42523621,A,C,D
CYP2D6,chr22,42522749,42522749,C,T,D
CYP2D6,chr22,42523858,42523858,A,C,D
CYP2D6,chr22,42526694,42526694,C,T,D
CYP2D6,chr22,42525035,42525035,G,A,D
CYP2D6,chr22,42525073,42525073,A,C,D
CYP2D6,chr22,42522958,42522958,A,C,D
CYP2D6,chr22,42525077,42525077,G,A,D
CYP2D6,chr22,42523517,42523517,T,C,D
CYP2D6,chr22,42526717,42526717,G,A,D
CYP2D6,chr22,42525823,42525823,C,T,N
CYP2D6,chr22,42524310,42524310,G,T,N
CYP2D6,chr22,42525838,42525838,C,T,N
CYP2D6,chr22,42526712,42526712,C,T,N
CYP2D6,chr22,42523940,42523940,A,C,N
CYP2J2,chr1,60373527,60373527,G,A,D
CYP3A4,chr7,99366081,99366081,T,C,D
CYP3A4,chr7,99358459,99358459,C,T,N
CYP3A4,chr7,99358524,99358524,T,C,N
CYP3A4,chr7,99361626,99361626,T,C,N
CYP4A11,chr1,47402458,47402458,G,A,D
CYP4A11,chr1,47398659,47398659,C,T,D
CYP4A11,chr1,47402980,47402980,T,C,D
CYP4A11,chr1,47398496,47398496,T,C,D
CYP4A11,chr1,47400195,47400195,A,C,D
CYP4A11,chr1,47395822,47395822,C,T,D
CYP4A11,chr1,47395833,47395833,G,A,D
CYP4A11,chr1,47399879,47399879,A,G,N
DPYS,chr8,105405152,105405152,G,A,D
DPYS,chr8,105440290,105440290,T,C,D
DPYS,chr8,105478940,105478940,T,C,D
DPYS,chr8,105441818,105441818,G,A,D
DPYS,chr8,105393518,105393518,C,T,D
DPYS,chr8,105440222,105440222,T,C,D
DPYS,chr8,105440210,105440210,G,A,D
DPYS,chr8,105440299,105440299,A,G,D
DPYS,chr8,105440273,105440273,A,G,D
DPYS,chr8,105436475,105436475,G,T,D
DPYS,chr8,105479132,105479132,G,A,N
FMO3,chr1,171072991,171072991,G,T,D
FMO3,chr1,171086457,171086457,C,T,D
FMO3,chr1,171072975,171072975,A,G,D
FMO3,chr1,171076952,171076952,C,T,D
FMO3,chr1,171080080,171080080,G,A,N
FMO3,chr1,171083242,171083242,A,G,N
FMO3,chr1,171076966,171076966,G,A,N
GSTP1,chr11,67352689,67352689,A,G,N
HNMT,chr2,138759649,138759649,C,T,N
NAT1,chr8,18079746,18079746,C,T,D
NAT1,chr8,18080308,18080308,A,T,D
NAT1,chr8,18080116,18080116,G,A,D
NAT1,chr8,18080169,18080169,A,G,N
NAT1,chr8,18080337,18080337,G,A,N
NAT1,chr8,18080343,18080343,A,G,N
NAT2,chr8,18257877,18257877,G,A,D
NAT2,chr8,18257947,18257947,A,C,D
NAT2,chr8,18257703,18257703,C,T,D
NAT2,chr8,18257924,18257924,A,T,D
NAT2,chr8,18258103,18258103,G,A,D
NAT2,chr8,18257854,18257854,T,C,D
NAT2,chr8,18257704,18257704,G,A,D
NAT2,chr8,18258370,18258370,G,A,N
NAT2,chr8,18258012,18258012,G,A,N
NAT2,chr8,18258358,18258358,A,C,N
NR1I2,chr3,119535976,119535976,A,G,D
NR1I2,chr3,119533899,119533899,A,G,D
NR1I2,chr3,119533851,119533851,T,G,N
NR1I2,chr3,119530457,119530457,A,G,N
NR1I2,chr3,119528978,119528978,A,G,N
NR1I2,chr3,119533944,119533944,T,G,N
NR1I2,chr3,119526155,119526155,A,G,N
NR1I2,chr3,119531635,119531635,T,G,N
NR1I3,chr1,161200981,161200981,A,G,D
NR1I3,chr1,161199666,161199666,A,G,N
PNMT,chr17,37824754,37824754,A,G,N
PNMT,chr17,37826316,37826316,G,A,N
PNMT,chr17,37826013,37826013,C,T,N
SLC10A2,chr13,103710679,103710679,G,A,D
SLC10A2,chr13,103710635,103710635,G,A,N
SLC10A2,chr13,103718308,103718308,G,A,N
SLC10A2,chr13,103705044,103705044,G,T,N
SLC22A12,chr11,64367853,64367853,C,T,D
SLC22A12,chr11,64359252,64359252,T,C,D
SLC22A12,chr11,64366364,64366364,C,A,D
SLC22A12,chr11,64367854,64367854,G,A,N
SLC22A2,chr6,160671651,160671651,C,T,N
SLC22A2,chr6,160671657,160671657,C,T,N
SLC22A2,chr6,160670282,160670282,G,T,N
SLC28A3,chr9,86894914,86894914,T,C,D
SLC2A9,chr4,10027542,10027542,C,T,N
SLC2A9,chr4,10022981,10022981,C,T,N
SLC2A9,chr4,9922167,9922167,C,T,N
SLC2A9,chr4,9922130,9922130,C,T,N
SLC2A9,chr4,9922187,9922187,G,A,N
SLC2A9,chr4,9987323,9987323,C,T,N
SLC2A9,chr4,9922170,9922170,C,G,N
SLC2A9,chr4,9909923,9909923,G,A,N
SLC47A1,chr17,19463591,19463591,G,A,D
SLC47A1,chr17,19480643,19480643,G,T,N
SLC47A2,chr17,19616017,19616017,C,T,D
SLC47A2,chr17,19611113,19611113,G,A,N
SLCO1B1,chr12,21331549,21331549,T,C,D
SLCO1B1,chr12,21329739,21329739,A,G,N
TPMT,chr6,18149358,18149358,A,G,D
TPMT,chr6,18148076,18148076,G,A,D
TPMT,chr6,18139228,18139228,G,A,D
TPMT,chr6,18148141,18148141,T,C,D
TPMT,chr6,18139920,18139920,G,A,D
TPMT,chr6,18149253,18149253,G,A,D
TPMT,chr6,18139200,18139200,G,A,D
TPMT,chr6,18130925,18130925,A,G,D
TPMT,chr6,18130918,18130918,A,G,N
TPMT,chr6,18139941,18139941,C,T,N
TPMT,chr6,18143828,18143828,A,C,N
TPMT,chr6,18143837,18143837,A,C,N
TPMT,chr6,18130993,18130993,G,A,N
UGT1A10,chr2,234545773,234545773,C,T,D
UGT1A10,chr2,234545345,234545345,G,A,N
UGT1A4,chr2,234627608,234627608,T,G,D
UGT1A4,chr2,234627536,234627536,C,A,D
UGT1A8,chr2,234527183,234527183,G,A,D
UGT1A8,chr2,234526871,234526871,C,G,N
UGT1A9,chr2,234580678,234580678,T,C,D
UGT1A9,chr2,234580678,234580678,T,C,N
UGT1A9,chr2,234580588,234580588,G,A,N
UGT1A9,chr2,234581080,234581080,T,C,N
UGT1A9,chr2,234581127,234581127,T,G,N
XDH,chr2,31620584,31620584,C,T,D
XDH,chr2,31572992,31572992,C,A,D
XDH,chr2,31596762,31596762,C,T,D
XDH,chr2,31593333,31593333,C,T,D
XDH,chr2,31595130,31595130,G,A,D
XDH,chr2,31558873,31558873,G,A,N
XDH,chr2,31590917,31590917,A,G,N
XDH,chr2,31562467,31562467,A,G,N
